"Date","CO2_type_1","CO2_type_2","Status"
"2020-01-01 00:00:00","202459.671875","392970.34375",0
"2020-01-02 00:00:00","251804.328125","456072.5",0
"2020-01-03 00:00:00","236659.03125","449136.0625",0
"2020-01-04 00:00:00","194786.546875","477828.78125",0
"2020-01-05 00:00:00","199303.8125","412291.15625",0
"2020-01-06 00:00:00","215066.4375","399696.21875",0
"2020-01-07 00:00:00","300426.46875","437061.4375",0
"2020-01-08 00:00:00","300189.0625","433793.5625",0
"2020-01-09 00:00:00","266283.9375","481219",0
"2020-01-10 00:00:00","247336.921875","526037.875",0
"2020-01-11 00:00:00","249304.046875","413991.3125",0
"2020-01-12 00:00:00","257650.8125","391910.75",0
"2020-01-13 00:00:00","294904.46875","471868.9375",0
"2020-01-14 00:00:00","218846.109375","533200.0625",0
"2020-01-15 00:00:00","247541.46875","512941.65625",0
"2020-01-16 00:00:00","239573.5625","543293.125",0
"2020-01-17 00:00:00","246119.53125","527583.6875",0
"2020-01-18 00:00:00","207929.921875","473973.5",0
"2020-01-19 00:00:00","164948.328125","623219",0
"2020-01-20 00:00:00","213593.953125","666357.25",0
"2020-01-21 00:00:00","261115.203125","593926.5",0
"2020-01-22 00:00:00","303341.8125","504282.0625",0
"2020-01-23 00:00:00","356472.625","417069.5",0
"2020-01-24 00:00:00","362985.875","401854.96875",0
"2020-01-25 00:00:00","288649.6875","368835.46875",0
"2020-01-26 00:00:00","216653.40625","437601.78125",0
"2020-01-27 00:00:00","239177.84375","563611.875",0
"2020-01-28 00:00:00","245027.40625","530467.1875",0
"2020-01-29 00:00:00","255730.046875","518545.65625",0
"2020-01-30 00:00:00","235388.859375","524439.3125",0
"2020-01-31 00:00:00","231992.46875","498832.71875",0
"2020-02-01 00:00:00","168571.484375","532455.3125",0
"2020-02-02 00:00:00","168162.25","468994.03125",0
"2020-02-03 00:00:00","246784.28125","451967.28125",0
"2020-02-04 00:00:00","232232.5625","505301",0
"2020-02-05 00:00:00","240218.4375","502353.5625",0
"2020-02-06 00:00:00","259761.453125","494317.5625",0
"2020-02-07 00:00:00","270178.46875","453053.0625",0
"2020-02-08 00:00:00","240813.609375","391140.96875",0
"2020-02-09 00:00:00","188116.140625","471035.59375",0
"2020-02-10 00:00:00","205984.71875","551000.8125",0
"2020-02-11 00:00:00","266409.1875","445355.78125",0
"2020-02-12 00:00:00","292200.875","402708.96875",0
"2020-02-13 00:00:00","257458.1875","466572.71875",0
"2020-02-14 00:00:00","272296.71875","435069.90625",0
"2020-02-15 00:00:00","203863.96875","440934.65625",0
"2020-02-16 00:00:00","163187.703125","491760.59375",0
"2020-02-17 00:00:00","215896.171875","492132.53125",0
"2020-02-18 00:00:00","251415.890625","456574.25",0
"2020-02-19 00:00:00","266355.8125","447067.96875",0
"2020-02-20 00:00:00","252744.65625","469346.78125",0
"2020-02-21 00:00:00","257336.015625","457172.34375",0
"2020-02-22 00:00:00","226699.8125","404887",0
"2020-02-23 00:00:00","208291.171875","388971.15625",0
"2020-02-24 00:00:00","253820.265625","430768.65625",0
"2020-02-25 00:00:00","182046.4375","521390.71875",0
"2020-02-26 00:00:00","185386.25","582334.5625",0
"2020-02-27 00:00:00","189553.171875","612680.375",0
"2020-02-28 00:00:00","204309.625","507783.1875",0
"2020-02-29 00:00:00","129305.609375","560075.0625",0
"2020-03-01 00:00:00","124696.125","583098.4375",0
"2020-03-02 00:00:00","137436.0625","636733.5625",0
"2020-03-03 00:00:00","144010.109375","660705.9375",0
"2020-03-04 00:00:00","168534.328125","626648.4375",0
"2020-03-05 00:00:00","142299.90625","672015.5",0
"2020-03-06 00:00:00","138255.3125","706640.3125",0
"2020-03-07 00:00:00","151293.578125","571785.0625",0
"2020-03-08 00:00:00","144553.234375","524007.75",0
"2020-03-09 00:00:00","181787.03125","599449.125",0
"2020-03-10 00:00:00","187439.546875","533626.9375",0
"2020-03-11 00:00:00","217871.265625","460930.90625",0
"2020-03-12 00:00:00","213870.03125","460045.15625",0
"2020-03-13 00:00:00","192808.609375","502651.9375",0
"2020-03-14 00:00:00","197938.15625","418593",2
"2020-03-15 00:00:00","173543.84375","471927",2
"2020-03-16 00:00:00","156895.75","586511.4375",2
"2020-03-17 00:00:00","144904.28125","555607.9375",2
"2020-03-18 00:00:00","157767.546875","479340.875",2
"2020-03-19 00:00:00","155859.5625","462832.03125",2
"2020-03-20 00:00:00","163800.96875","464949.34375",2
"2020-03-21 00:00:00","169703.375","399103.8125",2
"2020-03-22 00:00:00","169963.578125","366437.1875",2
"2020-03-23 00:00:00","168260.625","450439",2
"2020-03-24 00:00:00","169190.5","461082.78125",2
"2020-03-25 00:00:00","174181.8125","416853.09375",2
"2020-03-26 00:00:00","150760.390625","529870.1875",2
"2020-03-27 00:00:00","164378.765625","452010.3125",2
"2020-03-28 00:00:00","164943.984375","393945.90625",2
"2020-03-29 00:00:00","151754.984375","442642.71875",2
"2020-03-30 00:00:00","171419.140625","504581.53125",2
"2020-03-31 00:00:00","171084.375","483509.6875",2
"2020-04-01 00:00:00","181530.828125","405307.84375",2
"2020-04-02 00:00:00","179220.015625","430277.78125",2
"2020-04-03 00:00:00","184806.375","444160.125",2
"2020-04-04 00:00:00","170209.484375","446138.25",2
"2020-04-05 00:00:00","167229.484375","433590.28125",2
"2020-04-06 00:00:00","187742.5","364127.28125",2
"2020-04-07 00:00:00","181891.3125","360822.625",2
"2020-04-08 00:00:00","178663.28125","356080.53125",2
"2020-04-09 00:00:00","182624.375","345941.03125",2
"2020-04-10 00:00:00","189803.453125","342544.03125",2
"2020-04-11 00:00:00","171364.25","341670.03125",2
"2020-04-12 00:00:00","169304.5625","372362.71875",2
"2020-04-13 00:00:00","173051.890625","354179.75",2
"2020-04-14 00:00:00","158021.421875","397443.78125",2
"2020-04-15 00:00:00","157362.5","463374.46875",2
"2020-04-16 00:00:00","138492.203125","492878.8125",2
"2020-04-17 00:00:00","136366.953125","457263",2
"2020-04-18 00:00:00","154537.125","381232.71875",2
"2020-04-19 00:00:00","152507.375","382035.71875",2
"2020-04-20 00:00:00","138837.5","450139.6875",2
"2020-04-21 00:00:00","139026.640625","494077.5",2
"2020-04-22 00:00:00","144628.140625","483819.84375",2
"2020-04-23 00:00:00","148511.125","438434.71875",2
"2020-04-24 00:00:00","150911.15625","444459.4375",2
"2020-04-25 00:00:00","161350.796875","357166.1875",2
"2020-04-26 00:00:00","157092.0625","377582.21875",2
"2020-04-27 00:00:00","156476.296875","440003.46875",2
"2020-04-28 00:00:00","145612.546875","495403.1875",2
"2020-04-29 00:00:00","127834.0078125","546484.375",2
"2020-04-30 00:00:00","117450.34375","568606.3125",2
"2020-05-01 00:00:00","122628.3515625","529347.5",2
"2020-05-02 00:00:00","147112.703125","452451.15625",2
"2020-05-03 00:00:00","157967.203125","350207.46875",2
"2020-05-04 00:00:00","147020.984375","497472.375",2
"2020-05-05 00:00:00","146840.921875","439057.84375",2
"2020-05-06 00:00:00","158825.59375","398619.59375",2
"2020-05-07 00:00:00","153589.625","451353.5",2
"2020-05-08 00:00:00","151276.578125","424148.4375",2
"2020-05-09 00:00:00","177394.28125","375521.34375",2
"2020-05-10 00:00:00","154796.875","404125.65625",2
"2020-05-11 00:00:00","147480.5","451022.5",2
"2020-05-12 00:00:00","175886","372166.53125",2
"2020-05-13 00:00:00","175093.625","370878.3125",2
"2020-05-14 00:00:00","156542.859375","403823.75",2
"2020-05-15 00:00:00","146458","444578",2
"2020-05-16 00:00:00","149683.21875","457594.84375",2
"2020-05-17 00:00:00","153449.09375","390206.75",2
"2020-05-18 00:00:00","173472.34375","396109.03125",2
"2020-05-19 00:00:00","188064.15625","395366.3125",2
"2020-05-20 00:00:00","195109.1875","353426.9375",2
"2020-05-21 00:00:00","197166.953125","353920.21875",2
"2020-05-22 00:00:00","198551.96875","359884.84375",2
"2020-05-23 00:00:00","155717.625","424367.28125",2
"2020-05-24 00:00:00","139350.25","429378.15625",2
"2020-05-25 00:00:00","182277.359375","426392.40625",2
"2020-05-26 00:00:00","167800.640625","465675.96875",2
"2020-05-27 00:00:00","187065.609375","443229.53125",1
"2020-05-28 00:00:00","209566.765625","409343.625",1
"2020-05-29 00:00:00","224210.765625","378739",1
"2020-05-30 00:00:00","188172.84375","370176.90625",1
"2020-05-31 00:00:00","196204.5625","324436",1
"2020-06-01 00:00:00","249705.765625","324871.40625",1
"2020-06-02 00:00:00","260534.734375","330913.59375",1
"2020-06-03 00:00:00","268775.96875","368826.59375",1
"2020-06-04 00:00:00","208016.078125","470808.40625",1
"2020-06-05 00:00:00","221155.96875","424366.40625",1
"2020-06-06 00:00:00","210499.75","386395.5",1
"2020-06-07 00:00:00","173855.671875","456774.15625",1
"2020-06-08 00:00:00","214559.765625","453674.59375",1
"2020-06-09 00:00:00","226810.9375","446654.3125",1
"2020-06-10 00:00:00","239420.328125","403755.4375",1
"2020-06-11 00:00:00","196242.421875","476097.96875",1
